<?xml version="1.0" encoding="UTF-8" standalone="yes"?>
<applicationPatches>
    <applicationPatch>
        <applicationUuid>95c93c8a-dbff-49dc-85af-6c958cb27722</applicationUuid>
        <packageInfo>
            <url></url>
        </packageInfo>
        <patchContents>
            <item>
                <type>content</type>
                <uuids>
                    <uuid>_a-0000e7af-90d5-8000-6285-01ef9001ef90_1979358</uuid>
                </uuids>
            </item>
        </patchContents>
    </applicationPatch>
</applicationPatches>
